NodeName,Arch,CoresPerSocket,CPUAlloc,CPUErr,CPUTot,CPULoad,AvailableFeatures,ActiveFeatures,Gres,NodeAddr,NodeHostName,Version,OS,RealMemory,AllocMem,FreeMem,Sockets,Boards,State,ThreadsPerCore,TmpDisk,Weight,Owner,MCS_label,Partitions,BootTime,SlurmdStartTime,CfgTRES,AllocTRES,CapWatts,CurrentWatts,LowestJoules,ConsumedJoules,ExtSensorsJoules,ExtSensorsWatts,ExtSensorsTemp
gpu01,x86_64,10,0,0,20,0.01,"128gb,broadwell-ep,e5-2640v4","128gb,broadwell-ep,e5-2640v4",gpu:gp100:2,gpu01,gpu01,17.02,Linux,128647,0,126873,2,1,IDLE,1,9951,1,N/A,N/A,gpu,2020-03-06T11:20:07,2020-03-06T14:56:42,"cpu=20,mem=128647M,gres/gpu=2",,n/a,26,327905,14455238,n/s,0,n/s
gpu02,x86_64,8,0,0,16,0.01,"32gb,sandybridge-ep,e5-2665","32gb,sandybridge-ep,e5-2665",gpu:k40c:2,gpu02,gpu02,17.02,Linux,31978,0,30881,2,1,IDLE,1,9951,1,N/A,N/A,gpu,2020-03-06T11:19:50,2020-03-06T14:56:44,"cpu=16,mem=31978M,gres/gpu=2",,n/a,36,89486,22178750,n/s,0,n/s
node01,x86_64,1,40,0,40,18.01,"omnipart,128gb,broadwell-ep,e5-2640v4","omnipart,128gb,broadwell-ep,e5-2640v4",(null),node01,node01,17.02,Linux,128655,0,122084,40,1,ALLOCATED,1,9951,1,rkhasseh(9917),N/A,cmsp,2019-10-17T10:18:37,2020-03-06T14:56:35,"cpu=40,mem=128655M",cpu=40,n/a,140,508775,97320117,n/s,0,n/s
node02,x86_64,1,40,0,40,18.06,"omnipart,128gb,broadwell-ep,e5-2640v4","omnipart,128gb,broadwell-ep,e5-2640v4",(null),node02,node02,17.02,Linux,128655,0,122145,40,1,ALLOCATED,1,9951,1,rkhasseh(9917),N/A,cmsp,2019-10-17T10:18:38,2020-03-06T14:56:35,"cpu=40,mem=128655M",cpu=40,n/a,133,348011,92215966,n/s,0,n/s
node03,x86_64,1,40,0,40,18.01,"omnipart,128gb,broadwell-ep,e5-2640v4","omnipart,128gb,broadwell-ep,e5-2640v4",(null),node03,node03,17.02,Linux,128655,0,123621,40,1,ALLOCATED,1,9951,1,rkhasseh(9917),N/A,cmsp,2019-10-17T14:20:53,2020-03-06T14:56:35,"cpu=40,mem=128655M",cpu=40,n/a,141,502728,96752409,n/s,0,n/s
node04,x86_64,1,40,0,40,18.01,"omnipart,128gb,broadwell-ep,e5-2640v4","omnipart,128gb,broadwell-ep,e5-2640v4",(null),node04,node04,17.02,Linux,128655,0,122150,40,1,ALLOCATED,1,9951,1,rkhasseh(9917),N/A,cmsp,2019-10-17T14:20:54,2020-03-06T14:56:35,"cpu=40,mem=128655M",cpu=40,n/a,137,299943,94608567,n/s,0,n/s
node05,x86_64,1,40,0,40,18.01,"omnipart,128gb,broadwell-ep,e5-2640v4","omnipart,128gb,broadwell-ep,e5-2640v4",(null),node05,node05,17.02,Linux,128655,0,122085,40,1,ALLOCATED,1,9951,1,rkhasseh(9917),N/A,cmsp,2019-10-17T14:20:58,2020-03-06T14:56:35,"cpu=40,mem=128655M",cpu=40,n/a,142,440425,87989436,n/s,0,n/s
node06,x86_64,1,40,0,40,18.01,"omnipart,128gb,broadwell-ep,e5-2640v4","omnipart,128gb,broadwell-ep,e5-2640v4",(null),node06,node06,17.02,Linux,128655,0,122093,40,1,ALLOCATED,1,9951,1,rkhasseh(9917),N/A,cmsp,2019-10-17T12:24:27,2020-03-06T14:56:35,"cpu=40,mem=128655M",cpu=40,n/a,131,521014,88916690,n/s,0,n/s
node07,x86_64,1,40,0,40,18.01,"omnipart,128gb,broadwell-ep,e5-2640v4","omnipart,128gb,broadwell-ep,e5-2640v4",(null),node07,node07,17.02,Linux,128655,0,122988,40,1,ALLOCATED,1,9951,1,rkhasseh(9917),N/A,cmsp,2019-10-17T12:24:28,2020-03-06T14:56:35,"cpu=40,mem=128655M",cpu=40,n/a,130,569304,87903220,n/s,0,n/s
node08,x86_64,1,40,0,40,19.96,"omnipart,128gb,broadwell-ep,e5-2640v4","omnipart,128gb,broadwell-ep,e5-2640v4",(null),node08,node08,17.02,Linux,128655,0,114060,40,1,ALLOCATED,1,9951,1,pdelcomp(8309),N/A,cmsp,2019-10-17T12:24:28,2020-03-06T14:56:35,"cpu=40,mem=128655M",cpu=40,n/a,186,451749,92212749,n/s,0,n/s
node09,x86_64,1,40,0,40,17.66,"omnipart,128gb,broadwell-ep,e5-2640v4","omnipart,128gb,broadwell-ep,e5-2640v4",(null),node09,node09,17.02,Linux,128655,0,106516,40,1,ALLOCATED,1,9951,1,emoharra(8838),N/A,cmsp,2019-10-17T14:51:30,2020-03-06T14:56:43,"cpu=40,mem=128655M",cpu=40,n/a,147,600464,86904451,n/s,0,n/s
node10,x86_64,1,40,0,40,18.07,"omnipart,128gb,broadwell-ep,e5-2640v4","omnipart,128gb,broadwell-ep,e5-2640v4",(null),node10,node10,17.02,Linux,128655,0,123239,40,1,ALLOCATED,1,9951,1,rkhasseh(9917),N/A,cmsp,2019-10-17T08:10:12,2020-03-06T14:56:36,"cpu=40,mem=128655M",cpu=40,n/a,140,716587,89520467,n/s,0,n/s
node11,x86_64,1,40,0,40,18.08,"omnipart,128gb,broadwell-ep,e5-2640v4","omnipart,128gb,broadwell-ep,e5-2640v4",(null),node11,node11,17.02,Linux,128655,0,122241,40,1,ALLOCATED,1,9951,1,rkhasseh(9917),N/A,cmsp,2019-10-17T08:10:10,2020-03-06T14:56:35,"cpu=40,mem=128655M",cpu=40,n/a,139,852963,83843963,n/s,0,n/s
node12,x86_64,1,40,0,40,15.76,"omnipart,128gb,broadwell-ep,e5-2640v4","omnipart,128gb,broadwell-ep,e5-2640v4",(null),node12,node12,17.02,Linux,128655,0,108392,40,1,ALLOCATED,1,9951,1,emoharra(8838),N/A,cmsp,2019-10-17T08:10:14,2020-03-06T14:56:35,"cpu=40,mem=128655M",cpu=40,n/a,151,453916,83850547,n/s,0,n/s
node13,x86_64,1,40,0,40,15.60,"omnipart,128gb,broadwell-ep,e5-2640v4","omnipart,128gb,broadwell-ep,e5-2640v4",(null),node13,node13,17.02,Linux,128655,0,110278,40,1,ALLOCATED,1,9951,1,emoharra(8838),N/A,cmsp,2019-10-17T11:26:20,2020-03-06T14:56:35,"cpu=40,mem=128655M",cpu=40,n/a,160,350810,92998960,n/s,0,n/s
node14,x86_64,1,40,0,40,19.93,"omnipart,128gb,broadwell-ep,e5-2640v4","omnipart,128gb,broadwell-ep,e5-2640v4",(null),node14,node14,17.02,Linux,128655,0,113958,40,1,ALLOCATED,1,9951,1,pdelcomp(8309),N/A,cmsp,2019-10-17T11:26:21,2020-03-06T14:56:35,"cpu=40,mem=128655M",cpu=40,n/a,201,393316,86051650,n/s,0,n/s
node15,x86_64,1,40,0,40,20.00,"omnipart,128gb,broadwell-ep,e5-2640v4","omnipart,128gb,broadwell-ep,e5-2640v4",(null),node15,node15,17.02,Linux,128655,0,114467,40,1,ALLOCATED,1,9951,1,pdelcomp(8309),N/A,cmsp,2019-10-17T11:26:22,2020-03-06T14:56:50,"cpu=40,mem=128655M",cpu=40,n/a,203,817670,94967974,n/s,0,n/s
node16,x86_64,1,40,0,40,15.60,"omnipart,128gb,broadwell-ep,e5-2640v4","omnipart,128gb,broadwell-ep,e5-2640v4",(null),node16,node16,17.02,Linux,128655,0,109879,40,1,ALLOCATED,1,9951,1,emoharra(8838),N/A,cmsp,2019-10-17T14:20:09,2020-03-06T14:56:36,"cpu=40,mem=128655M",cpu=40,n/a,160,705952,84869259,n/s,0,n/s
node21,x86_64,6,12,0,12,2.01,"infiniband,32gb,sandybridge-ep,e5-2620","infiniband,32gb,sandybridge-ep,e5-2620",(null),node21,node21,17.02,Linux,31905,0,30670,2,1,ALLOCATED,1,9951,1,aangelon(7048),N/A,long,2019-10-17T14:35:33,2020-03-06T14:56:34,"cpu=12,mem=31905M",cpu=12,n/a,55,198809,31452559,n/s,0,n/s
node22,x86_64,6,0,0,12,1.07,"infiniband,32gb,sandybridge-ep,e5-2620","infiniband,32gb,sandybridge-ep,e5-2620",(null),node22,node22,17.02,Linux,31905,0,30471,2,1,IDLE,1,9951,1,N/A,N/A,long,2019-10-17T14:35:38,2020-03-06T14:56:35,"cpu=12,mem=31905M",,n/a,23,72985,27602517,n/s,0,n/s
node23,x86_64,6,0,0,12,0.06,"infiniband,32gb,sandybridge-ep,e5-2620","infiniband,32gb,sandybridge-ep,e5-2620",(null),node23,node23,17.02,Linux,31905,0,30026,2,1,IDLE,1,9951,1,N/A,N/A,long,2019-10-17T14:50:51,2020-03-06T14:56:35,"cpu=12,mem=31905M",,n/a,22,99854,29826602,n/s,0,n/s
node24,x86_64,6,0,0,12,0.01,"infiniband,32gb,sandybridge-ep,e5-2620","infiniband,32gb,sandybridge-ep,e5-2620",(null),node24,node24,17.02,Linux,31905,0,30798,2,1,IDLE,1,9951,1,N/A,N/A,long,2019-10-17T14:50:51,2020-03-06T14:56:35,"cpu=12,mem=31905M",,n/a,22,151441,22606687,n/s,0,n/s
node25,x86_64,6,0,0,12,0.01,"infiniband,32gb,sandybridge-ep,e5-2620","infiniband,32gb,sandybridge-ep,e5-2620",(null),node25,node25,17.02,Linux,31905,0,29973,2,1,IDLE,1,9951,1,N/A,N/A,long,2019-10-17T14:50:58,2020-03-06T14:56:35,"cpu=12,mem=31905M",,n/a,23,115095,23544313,n/s,0,n/s
node26,x86_64,6,0,0,12,0.01,"infiniband,32gb,sandybridge-ep,e5-2620","infiniband,32gb,sandybridge-ep,e5-2620",(null),node26,node26,17.02,Linux,31905,0,29672,2,1,IDLE,1,9951,1,N/A,N/A,long,2020-01-22T09:25:08,2020-03-06T14:56:35,"cpu=12,mem=31905M",,n/a,25,138547,26410667,n/s,0,n/s
node27,x86_64,6,0,0,12,0.03,"infiniband,32gb,sandybridge-ep,e5-2620","infiniband,32gb,sandybridge-ep,e5-2620",(null),node27,node27,17.02,Linux,31905,0,30590,2,1,IDLE,1,9951,1,N/A,N/A,long,2019-10-16T14:31:56,2020-03-06T14:56:34,"cpu=12,mem=31905M",,n/a,19,93702,16736951,n/s,0,n/s
node28,x86_64,6,0,0,12,0.01,"infiniband,32gb,sandybridge-ep,e5-2620","infiniband,32gb,sandybridge-ep,e5-2620",(null),node28,node28,17.02,Linux,31905,0,30124,2,1,IDLE,1,9951,1,N/A,N/A,long,2019-10-16T14:31:57,2020-03-06T14:56:35,"cpu=12,mem=31905M",,n/a,25,109831,21976447,n/s,0,n/s
node29,x86_64,6,0,0,12,0.01,"infiniband,32gb,sandybridge-ep,e5-2620","infiniband,32gb,sandybridge-ep,e5-2620",(null),node29,node29,17.02,Linux,31905,0,30683,2,1,IDLE,1,9951,1,N/A,N/A,long,2019-10-17T14:50:52,2020-03-06T14:56:35,"cpu=12,mem=31905M",,n/a,22,139224,20930375,n/s,0,n/s
node30,x86_64,6,0,0,12,0.03,"infiniband,32gb,sandybridge-ep,e5-2620","infiniband,32gb,sandybridge-ep,e5-2620",(null),node30,node30,17.02,Linux,31905,0,29519,2,1,IDLE,1,9951,1,N/A,N/A,long,2019-10-17T14:50:50,2020-03-06T14:56:35,"cpu=12,mem=31905M",,n/a,24,132675,14730261,n/s,0,n/s
node31,x86_64,6,0,0,12,0.01,"infiniband,32gb,sandybridge-ep,e5-2620","infiniband,32gb,sandybridge-ep,e5-2620",(null),node31,node31,17.02,Linux,31905,0,29521,2,1,IDLE,1,9951,1,N/A,N/A,long,2019-10-17T14:50:50,2020-03-06T14:56:35,"cpu=12,mem=31905M",,n/a,25,134788,14409621,n/s,0,n/s
node32,x86_64,6,0,0,12,0.01,"infiniband,32gb,sandybridge-ep,e5-2620","infiniband,32gb,sandybridge-ep,e5-2620",(null),node32,node32,17.02,Linux,31905,0,29456,2,1,IDLE,1,9951,1,N/A,N/A,long,2019-10-17T14:50:51,2020-03-06T14:56:35,"cpu=12,mem=31905M",,n/a,22,124276,14202569,n/s,0,n/s
node61,x86_64,6,12,0,12,1.24,"infiniband,32gb,sandybridge-ep,e5-2620","infiniband,32gb,sandybridge-ep,e5-2620",(null),node61,node61,17.02,Linux,31955,0,19650,2,1,ALLOCATED,1,9951,1,jciarlo(7647),N/A,esp,2019-10-17T14:52:21,2020-03-06T14:56:48,"cpu=12,mem=31955M",cpu=12,n/a,38,71584,18727986,n/s,0,n/s
node62,x86_64,6,0,0,12,0.01,"infiniband,32gb,sandybridge-ep,e5-2620","infiniband,32gb,sandybridge-ep,e5-2620",(null),node62,node62,17.02,Linux,31955,0,31298,2,1,IDLE,1,9951,1,N/A,N/A,esp,2019-10-17T14:52:22,2020-03-06T14:56:45,"cpu=12,mem=31955M",,n/a,18,95752,17258154,n/s,0,n/s
node63,x86_64,6,0,0,12,0.02,"infiniband,32gb,sandybridge-ep,e5-2620","infiniband,32gb,sandybridge-ep,e5-2620",(null),node63,node63,17.02,Linux,31955,0,30557,2,1,IDLE,1,9951,1,N/A,N/A,esp,2019-10-17T14:52:22,2020-03-06T14:56:44,"cpu=12,mem=31955M",,n/a,21,66363,17486728,n/s,0,n/s
node64,x86_64,6,0,0,12,0.03,"infiniband,32gb,sandybridge-ep,e5-2620","infiniband,32gb,sandybridge-ep,e5-2620",(null),node64,node64,17.02,Linux,31955,0,31145,2,1,IDLE,1,9951,1,N/A,N/A,esp,2019-10-17T14:52:23,2020-03-06T14:56:37,"cpu=12,mem=31955M",,n/a,22,12784,17567431,n/s,0,n/s
node65,x86_64,6,0,0,12,0.01,"infiniband,32gb,sandybridge-ep,e5-2620","infiniband,32gb,sandybridge-ep,e5-2620",(null),node65,node65,17.02,Linux,31955,0,30570,2,1,IDLE,1,9951,1,N/A,N/A,esp,2019-10-16T14:03:45,2020-03-06T14:56:44,"cpu=12,mem=31955M",,n/a,19,84617,16750641,n/s,0,n/s
node66,x86_64,6,0,0,12,0.01,"infiniband,32gb,sandybridge-ep,e5-2620","infiniband,32gb,sandybridge-ep,e5-2620",(null),node66,node66,17.02,Linux,31955,0,31213,2,1,IDLE,1,9951,1,N/A,N/A,esp,2019-10-16T14:03:46,2020-03-06T14:56:43,"cpu=12,mem=31955M",,n/a,19,107149,14322758,n/s,0,n/s
node67,x86_64,6,0,0,12,0.01,"infiniband,32gb,sandybridge-ep,e5-2620","infiniband,32gb,sandybridge-ep,e5-2620",(null),node67,node67,17.02,Linux,31955,0,31224,2,1,IDLE,1,9951,1,N/A,N/A,esp,2019-10-16T14:03:48,2020-03-06T14:56:46,"cpu=12,mem=31955M",,n/a,20,38036,14028406,n/s,0,n/s
node68,x86_64,6,0,0,12,0.01,"infiniband,32gb,sandybridge-ep,e5-2620","infiniband,32gb,sandybridge-ep,e5-2620",(null),node68,node68,17.02,Linux,31955,0,30786,2,1,IDLE,1,9951,1,N/A,N/A,esp,2019-12-20T09:18:16,2020-03-06T14:56:48,"cpu=12,mem=31955M",,n/a,24,30240,15357173,n/s,0,n/s
node69,x86_64,6,0,0,12,0.01,"infiniband,32gb,sandybridge-ep,e5-2620","infiniband,32gb,sandybridge-ep,e5-2620",(null),node69,node69,17.02,Linux,31955,0,31212,2,1,IDLE,1,9951,1,N/A,N/A,esp,2019-10-16T14:03:49,2020-03-06T14:56:49,"cpu=12,mem=31955M",,n/a,18,99385,13446973,n/s,0,n/s
node70,x86_64,6,0,0,12,0.01,"infiniband,32gb,sandybridge-ep,e5-2620","infiniband,32gb,sandybridge-ep,e5-2620",(null),node70,node70,17.02,Linux,31955,0,30865,2,1,IDLE,1,9951,1,N/A,N/A,esp,2019-10-16T14:03:50,2020-03-06T14:56:35,"cpu=12,mem=31955M",,n/a,19,54174,13243008,n/s,0,n/s
node71,x86_64,6,0,0,12,0.01,"infiniband,32gb,sandybridge-ep,e5-2620","infiniband,32gb,sandybridge-ep,e5-2620",(null),node71,node71,17.02,Linux,31955,0,31110,2,1,IDLE,1,9951,1,N/A,N/A,esp,2019-02-19T23:00:45,2020-03-06T14:56:44,"cpu=12,mem=31955M",,n/a,20,101474,13750288,n/s,0,n/s
node72,x86_64,6,0,0,12,0.01,"infiniband,32gb,sandybridge-ep,e5-2620","infiniband,32gb,sandybridge-ep,e5-2620",(null),node72,node72,17.02,Linux,31955,0,30731,2,1,IDLE,1,9951,1,N/A,N/A,esp,2019-10-17T14:52:22,2020-03-06T14:56:43,"cpu=12,mem=31955M",,n/a,20,52708,12914289,n/s,0,n/s
node73,x86_64,6,0,0,12,0.01,"infiniband,32gb,sandybridge-ep,e5-2620","infiniband,32gb,sandybridge-ep,e5-2620",(null),node73,node73,17.02,Linux,31955,0,30615,2,1,IDLE,1,9951,1,N/A,N/A,esp,2019-10-17T14:52:56,2020-03-06T14:56:43,"cpu=12,mem=31955M",,n/a,22,34964,14400700,n/s,0,n/s
node74,x86_64,6,0,0,12,0.01,"infiniband,32gb,sandybridge-ep,e5-2620","infiniband,32gb,sandybridge-ep,e5-2620",(null),node74,node74,17.02,Linux,31955,0,30937,2,1,IDLE,1,9951,1,N/A,N/A,esp,2019-10-17T14:52:22,2020-03-06T14:56:35,"cpu=12,mem=31955M",,n/a,19,99636,12878325,n/s,0,n/s
node75,x86_64,6,0,0,12,0.01,"infiniband,32gb,sandybridge-ep,e5-2620","infiniband,32gb,sandybridge-ep,e5-2620",(null),node75,node75,17.02,Linux,31955,0,30929,2,1,IDLE,1,9951,1,N/A,N/A,esp,2019-10-17T14:52:22,2020-03-06T14:56:35,"cpu=12,mem=31955M",,n/a,20,61345,12745950,n/s,0,n/s
node76,x86_64,6,0,0,12,0.09,"infiniband,32gb,sandybridge-ep,e5-2620","infiniband,32gb,sandybridge-ep,e5-2620",(null),node76,node76,17.02,Linux,31955,0,30077,2,1,IDLE,1,9951,1,N/A,N/A,esp,2019-10-17T14:52:22,2020-03-06T14:56:35,"cpu=12,mem=31955M",,n/a,19,41140,12505592,n/s,0,n/s
node77,x86_64,6,0,0,12,0.01,"infiniband,32gb,sandybridge-ep,e5-2620","infiniband,32gb,sandybridge-ep,e5-2620",(null),node77,node77,17.02,Linux,31955,0,30590,2,1,IDLE,1,9951,1,N/A,N/A,esp,2019-10-17T14:52:20,2020-03-06T14:56:35,"cpu=12,mem=31955M",,n/a,23,64652,13575803,n/s,0,n/s
node78,x86_64,6,0,0,12,0.01,"infiniband,32gb,sandybridge-ep,e5-2620","infiniband,32gb,sandybridge-ep,e5-2620",(null),node78,node78,17.02,Linux,31955,0,30497,2,1,IDLE,1,9951,1,N/A,N/A,esp,2019-10-17T14:52:22,2020-03-06T14:56:35,"cpu=12,mem=31955M",,n/a,20,75885,12129021,n/s,0,n/s
node79,x86_64,6,0,0,12,0.04,"infiniband,32gb,sandybridge-ep,e5-2620","infiniband,32gb,sandybridge-ep,e5-2620",(null),node79,node79,17.02,Linux,31955,0,30351,2,1,IDLE,1,9951,1,N/A,N/A,esp,2019-10-17T14:52:22,2020-03-06T14:56:35,"cpu=12,mem=31955M",,n/a,16,29173,12640532,n/s,0,n/s
node80,x86_64,6,0,0,12,0.01,"infiniband,32gb,sandybridge-ep,e5-2620","infiniband,32gb,sandybridge-ep,e5-2620",(null),node80,node80,17.02,Linux,31955,0,30247,2,1,IDLE,1,9951,1,N/A,N/A,esp,2019-10-17T14:09:01,2020-03-06T14:56:35,"cpu=12,mem=31955M",,n/a,19,59491,12010389,n/s,0,n/s
node81,x86_64,6,0,0,12,0.01,"infiniband,32gb,sandybridge-ep,e5-2620","infiniband,32gb,sandybridge-ep,e5-2620",(null),node81,node81,17.02,Linux,31955,0,30243,2,1,IDLE,1,9951,1,N/A,N/A,esp,2019-10-17T14:09:02,2020-03-06T14:56:35,"cpu=12,mem=31955M",,n/a,17,92728,11655221,n/s,0,n/s
node82,x86_64,6,0,0,12,0.01,"infiniband,32gb,sandybridge-ep,e5-2620","infiniband,32gb,sandybridge-ep,e5-2620",(null),node82,node82,17.02,Linux,31955,0,30247,2,1,IDLE,1,9951,1,N/A,N/A,esp,2019-10-17T14:09:03,2020-03-06T14:56:35,"cpu=12,mem=31955M",,n/a,20,38603,12824678,n/s,0,n/s
node83,x86_64,6,0,0,12,0.03,"infiniband,32gb,sandybridge-ep,e5-2620","infiniband,32gb,sandybridge-ep,e5-2620",(null),node83,node83,17.02,Linux,31955,0,30360,2,1,IDLE,1,9951,1,N/A,N/A,esp,2019-10-17T14:09:04,2020-03-06T14:56:35,"cpu=12,mem=31955M",,n/a,25,68341,13001313,n/s,0,n/s
node84,x86_64,6,0,0,12,0.02,"infiniband,32gb,sandybridge-ep,e5-2620","infiniband,32gb,sandybridge-ep,e5-2620",(null),node84,node84,17.02,Linux,31955,0,30176,2,1,IDLE,1,9951,1,N/A,N/A,esp,2019-10-17T14:09:05,2020-03-06T14:56:35,"cpu=12,mem=31955M",,n/a,17,81566,12115901,n/s,0,n/s
node85,x86_64,6,0,0,12,0.01,"infiniband,32gb,sandybridge-ep,e5-2620","infiniband,32gb,sandybridge-ep,e5-2620",(null),node85,node85,17.02,Linux,31955,0,30305,2,1,IDLE,1,9951,1,N/A,N/A,esp,2019-12-20T09:18:04,2020-03-06T14:56:35,"cpu=12,mem=31955M",,n/a,21,76279,13136672,n/s,0,n/s
node86,x86_64,6,0,0,12,0.02,"infiniband,32gb,sandybridge-ep,e5-2620","infiniband,32gb,sandybridge-ep,e5-2620",(null),node86,node86,17.02,Linux,31955,0,29466,2,1,IDLE,1,9951,1,N/A,N/A,esp,2019-10-17T14:09:07,2020-03-06T14:56:35,"cpu=12,mem=31955M",,n/a,21,20626,12826230,n/s,0,n/s
node87,x86_64,6,0,0,12,0.01,"infiniband,32gb,sandybridge-ep,e5-2620","infiniband,32gb,sandybridge-ep,e5-2620",(null),node87,node87,17.02,Linux,31955,0,29488,2,1,IDLE,1,9951,1,N/A,N/A,esp,2019-10-17T14:09:08,2020-03-06T14:56:35,"cpu=12,mem=31955M",,n/a,19,39519,11964423,n/s,0,n/s
node88,x86_64,6,0,0,12,0.01,"infiniband,32gb,sandybridge-ep,e5-2620","infiniband,32gb,sandybridge-ep,e5-2620",(null),node88,node88,17.02,Linux,31955,0,29474,2,1,IDLE,1,9951,1,N/A,N/A,esp,2019-11-28T11:54:52,2020-03-06T14:56:35,"cpu=12,mem=31955M",,n/a,21,20647,13817351,n/s,0,n/s
node89,x86_64,6,0,0,12,0.01,"infiniband,32gb,sandybridge-ep,e5-2620","infiniband,32gb,sandybridge-ep,e5-2620",(null),node89,node89,17.02,Linux,31955,0,29496,2,1,IDLE,1,9951,1,N/A,N/A,esp,2019-10-16T14:03:51,2020-03-06T14:56:35,"cpu=12,mem=31955M",,n/a,19,35098,11953022,n/s,0,n/s
node90,x86_64,6,0,0,12,0.02,"infiniband,32gb,sandybridge-ep,e5-2620","infiniband,32gb,sandybridge-ep,e5-2620",(null),node90,node90,17.02,Linux,31955,0,29489,2,1,IDLE,1,9951,1,N/A,N/A,esp,2019-10-17T14:09:11,2020-03-06T14:56:35,"cpu=12,mem=31955M",,n/a,20,52370,12342929,n/s,0,n/s
node91,x86_64,6,0,0,12,0.01,"infiniband,32gb,sandybridge-ep,e5-2620","infiniband,32gb,sandybridge-ep,e5-2620",(null),node91,node91,17.02,Linux,31955,0,29945,2,1,IDLE,1,9951,1,N/A,N/A,esp,2019-11-22T09:43:10,2020-03-06T14:56:35,"cpu=12,mem=31955M",,n/a,24,15209,13540635,n/s,0,n/s
node92,x86_64,6,0,0,12,0.01,"infiniband,32gb,sandybridge-ep,e5-2620","infiniband,32gb,sandybridge-ep,e5-2620",(null),node92,node92,17.02,Linux,31955,0,30068,2,1,IDLE,1,9951,1,N/A,N/A,esp,2019-10-17T14:52:22,2020-03-06T14:56:36,"cpu=12,mem=31955M",,n/a,18,17571,12239200,n/s,0,n/s
node94,x86_64,6,0,0,12,0.09,"infiniband,32gb,sandybridge-ep,e5-2620","infiniband,32gb,sandybridge-ep,e5-2620",(null),node94,node94,17.02,Linux,31955,0,30168,2,1,IDLE,1,9951,1,N/A,N/A,esp,2019-10-17T14:52:22,2020-03-06T14:56:35,"cpu=12,mem=31955M",,n/a,23,20190,12711042,n/s,0,n/s
node95,x86_64,6,0,0,12,0.01,"infiniband,32gb,sandybridge-ep,e5-2620","infiniband,32gb,sandybridge-ep,e5-2620",(null),node95,node95,17.02,Linux,31955,0,29977,2,1,IDLE,1,9951,1,N/A,N/A,esp,2019-10-17T14:52:23,2020-03-06T14:56:36,"cpu=12,mem=31955M",,n/a,23,10272,12548798,n/s,0,n/s
node96,x86_64,6,0,0,12,0.01,"infiniband,32gb,sandybridge-ep,e5-2620","infiniband,32gb,sandybridge-ep,e5-2620",(null),node96,node96,17.02,Linux,31955,0,30020,2,1,IDLE,1,9951,1,N/A,N/A,esp,2019-10-17T14:52:22,2020-03-06T14:56:36,"cpu=12,mem=31955M",,n/a,20,55259,11836015,n/s,0,n/s
node101,x86_64,10,20,0,20,1.04,"infiniband,64gb,ivybridge-ep,e5-2680v2","infiniband,64gb,ivybridge-ep,e5-2680v2",(null),node101,node101,17.02,Linux,64156,0,31511,2,1,ALLOCATED,1,9951,1,jciarlo(7647),N/A,esp1,2019-10-17T14:43:30,2020-03-06T14:56:40,"cpu=20,mem=64156M",cpu=20,n/a,66,135333,25343130,n/s,0,n/s
node102,x86_64,10,20,0,20,1.05,"infiniband,64gb,ivybridge-ep,e5-2680v2","infiniband,64gb,ivybridge-ep,e5-2680v2",(null),node102,node102,17.02,Linux,64156,0,55355,2,1,ALLOCATED,1,9951,1,jciarlo(7647),N/A,esp1,2019-10-16T04:04:42,2020-03-06T14:56:36,"cpu=20,mem=64156M",cpu=20,n/a,71,63639,20773942,n/s,0,n/s
node104,x86_64,10,20,0,20,20.04,"infiniband,64gb,ivybridge-ep,e5-2680v2","infiniband,64gb,ivybridge-ep,e5-2680v2",(null),node104,node104,17.02,Linux,64156,0,250,2,1,ALLOCATED,1,9951,1,cdel_gob(8516),N/A,esp1,2019-10-16T04:05:10,2020-03-06T14:56:45,"cpu=20,mem=64156M",cpu=20,n/a,188,190878,55059366,n/s,0,n/s
node105,x86_64,10,20,0,20,20.04,"infiniband,64gb,ivybridge-ep,e5-2680v2","infiniband,64gb,ivybridge-ep,e5-2680v2",(null),node105,node105,17.02,Linux,64156,0,60272,2,1,ALLOCATED,1,9951,1,cdel_gob(8516),N/A,esp1,2019-10-16T04:05:08,2020-03-06T14:56:47,"cpu=20,mem=64156M",cpu=20,n/a,185,156204,60416246,n/s,0,n/s
node106,x86_64,10,20,0,20,20.02,"infiniband,64gb,ivybridge-ep,e5-2680v2","infiniband,64gb,ivybridge-ep,e5-2680v2",(null),node106,node106,17.02,Linux,64156,0,60315,2,1,ALLOCATED,1,9951,1,cdel_gob(8516),N/A,esp1,2019-10-16T04:05:10,2020-03-06T14:56:48,"cpu=20,mem=64156M",cpu=20,n/a,183,143932,59385304,n/s,0,n/s
node107,x86_64,10,20,0,20,20.12,"infiniband,64gb,ivybridge-ep,e5-2680v2","infiniband,64gb,ivybridge-ep,e5-2680v2",(null),node107,node107,17.02,Linux,64156,0,60423,2,1,ALLOCATED,1,9951,1,cdel_gob(8516),N/A,esp1,2019-10-17T14:53:46,2020-03-06T14:56:46,"cpu=20,mem=64156M",cpu=20,n/a,186,120718,49858886,n/s,0,n/s
node108,x86_64,10,20,0,20,1.68,"infiniband,64gb,ivybridge-ep,e5-2680v2","infiniband,64gb,ivybridge-ep,e5-2680v2",(null),node108,node108,17.02,Linux,64156,0,52417,2,1,ALLOCATED,1,9951,1,sstrada(8662),N/A,esp1,2019-02-19T23:02:54,2020-03-06T14:56:48,"cpu=20,mem=64156M",cpu=20,n/a,96,133851,42130384,n/s,0,n/s
node110,x86_64,10,20,0,20,20.04,"infiniband,64gb,ivybridge-ep,e5-2680v2","infiniband,64gb,ivybridge-ep,e5-2680v2",(null),node110,node110,17.02,Linux,64156,0,39740,2,1,ALLOCATED,1,9951,1,rglazer(8552),N/A,esp1,2019-10-16T03:52:30,2020-03-06T14:56:48,"cpu=20,mem=64156M",cpu=20,n/a,197,104149,49316157,n/s,0,n/s
node111,x86_64,10,20,0,20,20.02,"infiniband,64gb,ivybridge-ep,e5-2680v2","infiniband,64gb,ivybridge-ep,e5-2680v2",(null),node111,node111,17.02,Linux,64156,0,44965,2,1,ALLOCATED,1,9951,1,rglazer(8552),N/A,esp1,2019-12-04T10:35:47,2020-03-06T14:56:36,"cpu=20,mem=64156M",cpu=20,n/a,197,100150,47149985,n/s,0,n/s
node112,x86_64,10,20,0,20,20.06,"infiniband,64gb,ivybridge-ep,e5-2680v2","infiniband,64gb,ivybridge-ep,e5-2680v2",(null),node112,node112,17.02,Linux,64156,0,49284,2,1,ALLOCATED,1,9951,1,rglazer(8552),N/A,esp1,2019-10-15T21:22:45,2020-03-06T14:56:36,"cpu=20,mem=64156M",cpu=20,n/a,196,104766,47320649,n/s,0,n/s
node113,x86_64,10,20,0,20,20.15,"infiniband,64gb,ivybridge-ep,e5-2680v2","infiniband,64gb,ivybridge-ep,e5-2680v2",(null),node113,node113,17.02,Linux,64156,0,49397,2,1,ALLOCATED,1,9951,1,rglazer(8552),N/A,esp1,2019-10-17T14:53:58,2020-03-06T14:56:36,"cpu=20,mem=64156M",cpu=20,n/a,195,54652,47235121,n/s,0,n/s
node114,x86_64,10,20,0,20,20.06,"infiniband,64gb,ivybridge-ep,e5-2680v2","infiniband,64gb,ivybridge-ep,e5-2680v2",(null),node114,node114,17.02,Linux,64156,0,48236,2,1,ALLOCATED,1,9951,1,rglazer(8552),N/A,esp1,2019-10-16T03:52:49,2020-03-06T14:56:36,"cpu=20,mem=64156M",cpu=20,n/a,197,86311,36499278,n/s,0,n/s
node115,x86_64,10,20,0,20,20.12,"infiniband,64gb,ivybridge-ep,e5-2680v2","infiniband,64gb,ivybridge-ep,e5-2680v2",(null),node115,node115,17.02,Linux,64156,0,50976,2,1,ALLOCATED,1,9951,1,rglazer(8552),N/A,esp1,2019-02-19T23:02:51,2020-03-06T14:56:36,"cpu=20,mem=64156M",cpu=20,n/a,196,86958,38146844,n/s,0,n/s
node116,x86_64,10,0,0,20,0.01,"infiniband,64gb,ivybridge-ep,e5-2680v2","infiniband,64gb,ivybridge-ep,e5-2680v2",(null),node116,node116,17.02,Linux,64156,0,61404,2,1,IDLE,1,9951,1,N/A,N/A,esp1,2019-02-19T23:02:55,2020-03-06T14:56:36,"cpu=20,mem=64156M",,n/a,59,132590,37903670,n/s,0,n/s
node117,x86_64,10,0,0,20,0.01,"infiniband,64gb,ivybridge-ep,e5-2680v2","infiniband,64gb,ivybridge-ep,e5-2680v2",(null),node117,node117,17.02,Linux,64156,0,61868,2,1,IDLE,1,9951,1,N/A,N/A,esp1,2019-10-16T03:53:21,2020-03-06T14:56:36,"cpu=20,mem=64156M",,n/a,29,155512,23993892,n/s,0,n/s
node118,x86_64,10,0,0,20,0.01,"infiniband,64gb,ivybridge-ep,e5-2680v2","infiniband,64gb,ivybridge-ep,e5-2680v2",(null),node118,node118,17.02,Linux,64156,0,60983,2,1,IDLE,1,9951,1,N/A,N/A,esp1,2019-10-16T03:53:23,2020-03-06T14:56:36,"cpu=20,mem=64156M",,n/a,45,95400,30287351,n/s,0,n/s
node119,x86_64,10,0,0,20,0.02,"infiniband,64gb,ivybridge-ep,e5-2680v2","infiniband,64gb,ivybridge-ep,e5-2680v2",(null),node119,node119,17.02,Linux,64156,0,61445,2,1,IDLE,1,9951,1,N/A,N/A,esp1,2019-02-19T23:02:55,2020-03-06T14:56:36,"cpu=20,mem=64156M",,n/a,54,207398,31309527,n/s,0,n/s
node120,x86_64,10,0,0,20,0.02,"infiniband,64gb,ivybridge-ep,e5-2680v2","infiniband,64gb,ivybridge-ep,e5-2680v2",(null),node120,node120,17.02,Linux,64156,0,60823,2,1,IDLE,1,9951,1,N/A,N/A,esp1,2019-12-20T09:46:46,2020-03-06T14:56:36,"cpu=20,mem=64156M",,n/a,48,103843,33750677,n/s,0,n/s
node121,x86_64,10,0,0,20,0.01,"infiniband,64gb,ivybridge-ep,e5-2680v2","infiniband,64gb,ivybridge-ep,e5-2680v2",(null),node121,node121,17.02,Linux,64156,0,60496,2,1,IDLE,1,9951,1,N/A,N/A,esp1,2019-10-16T03:53:22,2020-03-06T14:56:36,"cpu=20,mem=64156M",,n/a,49,192989,31422982,n/s,0,n/s
node122,x86_64,10,0,0,20,0.01,"infiniband,64gb,ivybridge-ep,e5-2680v2","infiniband,64gb,ivybridge-ep,e5-2680v2",(null),node122,node122,17.02,Linux,64156,0,60879,2,1,IDLE,1,9951,1,N/A,N/A,esp1,2019-10-15T21:22:48,2020-03-06T14:56:36,"cpu=20,mem=64156M",,n/a,47,107005,30704711,n/s,0,n/s
node123,x86_64,10,0,0,20,0.01,"infiniband,64gb,ivybridge-ep,e5-2680v2","infiniband,64gb,ivybridge-ep,e5-2680v2",(null),node123,node123,17.02,Linux,64156,0,60942,2,1,IDLE,1,9951,1,N/A,N/A,esp1,2019-10-17T10:06:28,2020-03-06T14:56:36,"cpu=20,mem=64156M",,n/a,49,70688,31271461,n/s,0,n/s
node124,x86_64,10,0,0,20,0.01,"infiniband,64gb,ivybridge-ep,e5-2680v2","infiniband,64gb,ivybridge-ep,e5-2680v2",(null),node124,node124,17.02,Linux,64156,0,60735,2,1,IDLE,1,9951,1,N/A,N/A,esp1,2019-11-13T14:31:55,2020-03-06T14:56:36,"cpu=20,mem=64156M",,n/a,36,146650,25067799,n/s,0,n/s
node125,x86_64,10,0,0,20,0.01,"infiniband,64gb,ivybridge-ep,e5-2680v2","infiniband,64gb,ivybridge-ep,e5-2680v2",(null),node125,node125,17.02,Linux,64156,0,61071,2,1,IDLE,1,9951,1,N/A,N/A,esp1,2019-10-17T14:45:52,2020-03-06T14:56:36,"cpu=20,mem=64156M",,n/a,52,110676,29632162,n/s,0,n/s
node126,x86_64,10,0,0,20,0.01,"infiniband,64gb,ivybridge-ep,e5-2680v2","infiniband,64gb,ivybridge-ep,e5-2680v2",(null),node126,node126,17.02,Linux,64156,0,60746,2,1,IDLE,1,9951,1,N/A,N/A,esp1,2019-02-19T23:02:52,2020-03-06T14:56:36,"cpu=20,mem=64156M",,n/a,51,159683,29313897,n/s,0,n/s
node127,x86_64,10,0,0,20,0.01,"infiniband,64gb,ivybridge-ep,e5-2680v2","infiniband,64gb,ivybridge-ep,e5-2680v2",(null),node127,node127,17.02,Linux,64156,0,60207,2,1,IDLE,1,9951,1,N/A,N/A,esp1,2019-10-16T03:52:51,2020-03-06T14:56:36,"cpu=20,mem=64156M",,n/a,28,147477,15661119,n/s,0,n/s
node128,x86_64,10,0,0,20,0.01,"infiniband,64gb,ivybridge-ep,e5-2680v2","infiniband,64gb,ivybridge-ep,e5-2680v2",(null),node128,node128,17.02,Linux,64156,0,60450,2,1,IDLE,1,9951,1,N/A,N/A,esp1,2019-10-16T03:53:47,2020-03-06T14:56:36,"cpu=20,mem=64156M",,n/a,30,149844,15983016,n/s,0,n/s
node131,x86_64,10,20,0,20,20.06,"infiniband,64gb,ivybridge-ep,e5-2680v2","infiniband,64gb,ivybridge-ep,e5-2680v2",(null),node131,node131,17.02,Linux,64156,0,40834,2,1,ALLOCATED,1,9951,1,ragbaoye(1000),N/A,long,2019-10-17T14:54:35,2020-03-06T14:56:36,"cpu=20,mem=64156M",cpu=20,n/a,212,106979,76722308,n/s,0,n/s
node135,x86_64,10,20,0,20,19.07,"infiniband,64gb,ivybridge-ep,e5-2680v2","infiniband,64gb,ivybridge-ep,e5-2680v2",(null),node135,node135,17.02,Linux,64156,0,54678,2,1,ALLOCATED,1,9951,1,nseriani(6623),N/A,long,2019-10-17T14:54:34,2020-03-06T14:56:39,"cpu=20,mem=64156M",cpu=20,n/a,197,132910,107293177,n/s,0,n/s
node136,x86_64,10,20,0,20,19.10,"infiniband,64gb,ivybridge-ep,e5-2680v2","infiniband,64gb,ivybridge-ep,e5-2680v2",(null),node136,node136,17.02,Linux,64156,0,54627,2,1,ALLOCATED,1,9951,1,nseriani(6623),N/A,long,2019-10-17T14:54:37,2020-03-06T14:56:39,"cpu=20,mem=64156M",cpu=20,n/a,202,62967,109541939,n/s,0,n/s
node137,x86_64,10,20,0,20,1.01,"infiniband,64gb,ivybridge-ep,e5-2680v2","infiniband,64gb,ivybridge-ep,e5-2680v2",(null),node137,node137,17.02,Linux,64156,0,60676,2,1,ALLOCATED,1,9951,1,vvitale(10087),N/A,long,2019-12-10T09:45:28,2020-03-06T14:56:39,"cpu=20,mem=64156M",cpu=20,n/a,95,73054,119686058,n/s,0,n/s
node138,x86_64,10,20,0,20,19.15,"infiniband,64gb,ivybridge-ep,e5-2680v2","infiniband,64gb,ivybridge-ep,e5-2680v2",(null),node138,node138,17.02,Linux,64156,0,54512,2,1,ALLOCATED,1,9951,1,nseriani(6623),N/A,long,2019-10-17T14:54:39,2020-03-06T14:56:38,"cpu=20,mem=64156M",cpu=20,n/a,219,94591,119059312,n/s,0,n/s
node139,x86_64,8,0,0,16,0.01,"infiniband,32gb,sandybridge-ep,e5-2650","infiniband,32gb,sandybridge-ep,e5-2650",(null),node139,node139,17.02,Linux,31955,0,31010,2,1,IDLE,1,9951,1,N/A,N/A,long,2019-10-17T14:54:09,2020-03-06T14:56:37,"cpu=16,mem=31955M",,n/a,26,103916,46092211,n/s,0,n/s
node140,x86_64,8,0,0,16,0.01,"infiniband,32gb,sandybridge-ep,e5-2650","infiniband,32gb,sandybridge-ep,e5-2650",(null),node140,node140,17.02,Linux,31920,0,29758,2,1,IDLE,1,9951,1,N/A,N/A,long,2019-10-16T21:05:16,2020-03-06T14:56:37,"cpu=16,mem=31920M",,n/a,27,127748,22913292,n/s,0,n/s
node141,x86_64,8,0,0,16,0.01,"infiniband,32gb,sandybridge-ep,e5-2650","infiniband,32gb,sandybridge-ep,e5-2650",(null),node141,node141,17.02,Linux,31920,0,30061,2,1,IDLE,1,9951,1,N/A,N/A,long,2019-10-16T21:05:17,2020-03-06T14:56:37,"cpu=16,mem=31920M",,n/a,27,139996,18430684,n/s,0,n/s
node142,x86_64,8,0,0,16,0.01,"infiniband,32gb,sandybridge-ep,e5-2650","infiniband,32gb,sandybridge-ep,e5-2650",(null),node142,node142,17.02,Linux,31920,0,29512,2,1,IDLE,1,9951,1,N/A,N/A,long,2019-10-16T21:04:53,2020-03-06T14:56:37,"cpu=16,mem=31920M",,n/a,23,32583,15556802,n/s,0,n/s
node143,x86_64,8,0,0,16,0.01,"infiniband,32gb,sandybridge-ep,e5-2650","infiniband,32gb,sandybridge-ep,e5-2650",(null),node143,node143,17.02,Linux,31920,0,29727,2,1,IDLE,1,9951,1,N/A,N/A,long,2019-10-16T21:05:16,2020-03-06T14:56:37,"cpu=16,mem=31920M",,n/a,27,97849,18132257,n/s,0,n/s
node144,x86_64,8,0,0,16,0.02,"infiniband,32gb,sandybridge-ep,e5-2650","infiniband,32gb,sandybridge-ep,e5-2650",(null),node144,node144,17.02,Linux,31920,0,29917,2,1,IDLE,1,9951,1,N/A,N/A,long,2019-10-16T21:05:20,2020-03-06T14:56:37,"cpu=16,mem=31920M",,n/a,25,81555,15802513,n/s,0,n/s
node145,x86_64,8,0,0,16,0.01,"infiniband,32gb,sandybridge-ep,e5-2650","infiniband,32gb,sandybridge-ep,e5-2650",(null),node145,node145,17.02,Linux,31920,0,29893,2,1,IDLE,1,9951,1,N/A,N/A,long,2019-10-16T21:05:21,2020-03-06T14:56:37,"cpu=16,mem=31920M",,n/a,25,155513,16024440,n/s,0,n/s
node146,x86_64,8,0,0,16,0.01,"infiniband,32gb,sandybridge-ep,e5-2650","infiniband,32gb,sandybridge-ep,e5-2650",(null),node146,node146,17.02,Linux,31920,0,29924,2,1,IDLE,1,9951,1,N/A,N/A,long,2019-10-16T21:05:23,2020-03-06T14:56:37,"cpu=16,mem=31920M",,n/a,26,139420,16497830,n/s,0,n/s
node147,x86_64,8,0,0,16,0.02,"infiniband,32gb,sandybridge-ep,e5-2650","infiniband,32gb,sandybridge-ep,e5-2650",(null),node147,node147,17.02,Linux,31920,0,29775,2,1,IDLE,1,9951,1,N/A,N/A,long,2019-10-16T21:05:20,2020-03-06T14:56:37,"cpu=16,mem=31920M",,n/a,22,208204,14920581,n/s,0,n/s
node148,x86_64,8,0,0,16,0.03,"infiniband,32gb,sandybridge-ep,e5-2650","infiniband,32gb,sandybridge-ep,e5-2650",(null),node148,node148,17.02,Linux,31920,0,29471,2,1,IDLE,1,9951,1,N/A,N/A,long,2019-10-17T14:15:20,2020-03-06T14:56:37,"cpu=16,mem=31920M",,n/a,26,128075,16452571,n/s,0,n/s
node149,x86_64,10,20,0,20,20.13,"infiniband,64gb,ivybridge-ep,e5-2680v2","infiniband,64gb,ivybridge-ep,e5-2680v2",(null),node149,node149,17.02,Linux,64156,0,53680,2,1,ALLOCATED,1,9951,1,nseriani(6623),N/A,long,2019-10-17T11:17:07,2020-03-06T14:56:40,"cpu=20,mem=64156M",cpu=20,n/a,196,102246,92639295,n/s,0,n/s
node150,x86_64,10,0,0,20,1.11,"infiniband,64gb,ivybridge-ep,e5-2680v2","infiniband,64gb,ivybridge-ep,e5-2680v2",(null),node150,node150,17.02,Linux,64156,0,60999,2,1,IDLE,1,9951,1,N/A,N/A,long,2019-10-17T11:17:08,2020-03-06T14:56:40,"cpu=20,mem=64156M",,n/a,35,153265,104720616,n/s,0,n/s
node151,x86_64,10,0,0,20,1.12,"infiniband,64gb,ivybridge-ep,e5-2680v2","infiniband,64gb,ivybridge-ep,e5-2680v2",(null),node151,node151,17.02,Linux,64156,0,63095,2,1,IDLE,1,9951,1,N/A,N/A,long,2019-10-17T11:17:05,2020-03-06T14:56:39,"cpu=20,mem=64156M",,n/a,49,109784,103470258,n/s,0,n/s
node152,x86_64,10,20,0,20,20.17,"infiniband,64gb,ivybridge-ep,e5-2680v2","infiniband,64gb,ivybridge-ep,e5-2680v2",(null),node152,node152,17.02,Linux,64156,0,53727,2,1,ALLOCATED,1,9951,1,nseriani(6623),N/A,long,2019-10-17T11:17:10,2020-03-06T14:56:40,"cpu=20,mem=64156M",cpu=20,n/a,188,161259,104815545,n/s,0,n/s
node153,x86_64,10,20,0,20,20.19,"infiniband,64gb,ivybridge-ep,e5-2680v2","infiniband,64gb,ivybridge-ep,e5-2680v2",(null),node153,node153,17.02,Linux,64156,0,54106,2,1,ALLOCATED,1,9951,1,nseriani(6623),N/A,long,2019-10-17T14:55:09,2020-03-06T14:56:40,"cpu=20,mem=64156M",cpu=20,n/a,190,116960,111268110,n/s,0,n/s
node154,x86_64,10,20,0,20,20.14,"infiniband,64gb,ivybridge-ep,e5-2680v2","infiniband,64gb,ivybridge-ep,e5-2680v2",(null),node154,node154,17.02,Linux,64156,0,53900,2,1,ALLOCATED,1,9951,1,nseriani(6623),N/A,long,2019-10-17T14:55:08,2020-03-06T14:56:40,"cpu=20,mem=64156M",cpu=20,n/a,190,169636,112449950,n/s,0,n/s
node155,x86_64,10,20,0,20,20.22,"infiniband,64gb,ivybridge-ep,e5-2680v2","infiniband,64gb,ivybridge-ep,e5-2680v2",(null),node155,node155,17.02,Linux,64156,0,54332,2,1,ALLOCATED,1,9951,1,nseriani(6623),N/A,long,2019-10-17T14:55:09,2020-03-06T14:56:40,"cpu=20,mem=64156M",cpu=20,n/a,191,196102,112869275,n/s,0,n/s
node156,x86_64,10,0,0,20,1.11,"infiniband,64gb,ivybridge-ep,e5-2680v2","infiniband,64gb,ivybridge-ep,e5-2680v2",(null),node156,node156,17.02,Linux,64156,0,62109,2,1,IDLE,1,9951,1,N/A,N/A,long,2019-10-17T14:55:23,2020-03-06T14:56:41,"cpu=20,mem=64156M",,n/a,36,196080,108841869,n/s,0,n/s
node161,x86_64,1,40,0,40,15.58,"omnipart,192,broadwell-ep,e5-2640v4","omnipart,192,broadwell-ep,e5-2640v4",(null),node161,node161,17.02,Linux,192960,0,173968,40,1,ALLOCATED,1,9951,1,emoharra(8838),N/A,cmsp,2019-10-17T13:40:30,2020-03-06T14:56:35,"cpu=40,mem=192960M",cpu=40,n/a,172,577515,90387931,n/s,0,n/s
node162,x86_64,1,40,0,40,19.90,"omnipart,192,broadwell-ep,e5-2640v4","omnipart,192,broadwell-ep,e5-2640v4",(null),node162,node162,17.02,Linux,192960,0,178110,40,1,ALLOCATED,1,9951,1,pdelcomp(8309),N/A,cmsp,2019-10-17T13:40:31,2020-03-06T14:56:35,"cpu=40,mem=192960M",cpu=40,n/a,204,510430,96450167,n/s,0,n/s
node163,x86_64,1,40,0,40,18.03,"omnipart,192,broadwell-ep,e5-2640v4","omnipart,192,broadwell-ep,e5-2640v4",(null),node163,node163,17.02,Linux,192960,0,185964,40,1,ALLOCATED,1,9951,1,rkhasseh(9917),N/A,cmsp,2019-10-17T11:23:36,2020-03-06T14:56:35,"cpu=40,mem=192960M",cpu=40,n/a,142,474416,101116520,n/s,0,n/s
node164,x86_64,1,40,0,40,18.01,"omnipart,192,broadwell-ep,e5-2640v4","omnipart,192,broadwell-ep,e5-2640v4",(null),node164,node164,17.02,Linux,192960,0,185967,40,1,ALLOCATED,1,9951,1,rkhasseh(9917),N/A,cmsp,2019-10-17T11:23:36,2020-03-06T14:56:35,"cpu=40,mem=192960M",cpu=40,n/a,144,673336,100581620,n/s,0,n/s
node165,x86_64,1,40,0,40,19.93,"omnipart,192,broadwell-ep,e5-2640v4","omnipart,192,broadwell-ep,e5-2640v4",(null),node165,node165,17.02,Linux,192960,0,177999,40,1,ALLOCATED,1,9951,1,pdelcomp(8309),N/A,cmsp,2019-10-17T11:23:38,2020-03-06T14:56:35,"cpu=40,mem=192960M",cpu=40,n/a,205,372975,104357096,n/s,0,n/s
node166,x86_64,1,40,0,40,19.96,"omnipart,192,broadwell-ep,e5-2640v4","omnipart,192,broadwell-ep,e5-2640v4",(null),node166,node166,17.02,Linux,192960,0,177295,40,1,ALLOCATED,1,9951,1,pdelcomp(8309),N/A,cmsp,2019-10-17T13:40:32,2020-03-06T14:56:35,"cpu=40,mem=192960M",cpu=40,n/a,207,486028,105862590,n/s,0,n/s
node167,x86_64,1,40,0,40,19.93,"omnipart,192,broadwell-ep,e5-2640v4","omnipart,192,broadwell-ep,e5-2640v4",(null),node167,node167,17.02,Linux,192960,0,177929,40,1,ALLOCATED,1,9951,1,pdelcomp(8309),N/A,cmsp,2019-10-17T13:40:33,2020-03-06T14:56:35,"cpu=40,mem=192960M",cpu=40,n/a,154,809820,108588098,n/s,0,n/s
node168,x86_64,1,40,0,40,19.98,"omnipart,192,broadwell-ep,e5-2640v4","omnipart,192,broadwell-ep,e5-2640v4",(null),node168,node168,17.02,Linux,192960,0,178718,40,1,ALLOCATED,1,9951,1,pdelcomp(8309),N/A,cmsp,2019-10-17T13:40:34,2020-03-06T14:56:35,"cpu=40,mem=192960M",cpu=40,n/a,152,649897,100627662,n/s,0,n/s
node169,x86_64,1,40,0,40,19.88,"omnipart,192,broadwell-ep,e5-2640v4","omnipart,192,broadwell-ep,e5-2640v4",(null),node169,node169,17.02,Linux,192960,0,178068,40,1,ALLOCATED,1,9951,1,pdelcomp(8309),N/A,cmsp,2019-10-17T13:40:35,2020-03-06T14:56:35,"cpu=40,mem=192960M",cpu=40,n/a,220,374902,97715143,n/s,0,n/s
node170,x86_64,1,40,0,40,18.04,"omnipart,192,broadwell-ep,e5-2640v4","omnipart,192,broadwell-ep,e5-2640v4",(null),node170,node170,17.02,Linux,192960,0,185924,40,1,ALLOCATED,1,9951,1,rkhasseh(9917),N/A,cmsp,2019-10-17T14:20:19,2020-03-06T14:56:35,"cpu=40,mem=192960M",cpu=40,n/a,158,804620,95432997,n/s,0,n/s
node171,x86_64,1,40,0,40,12.02,"omnipart,192,broadwell-ep,e5-2640v4","omnipart,192,broadwell-ep,e5-2640v4",(null),node171,node171,17.02,Linux,192960,0,179061,40,1,ALLOCATED,1,9951,1,nseriani(6623),N/A,cmsp,2019-10-17T14:20:20,2020-03-06T14:56:35,"cpu=40,mem=192960M",cpu=40,n/a,195,158175,93306687,n/s,0,n/s
node172,x86_64,1,40,0,40,18.03,"omnipart,192,broadwell-ep,e5-2640v4","omnipart,192,broadwell-ep,e5-2640v4",(null),node172,node172,17.02,Linux,192960,0,185303,40,1,ALLOCATED,1,9951,1,rkhasseh(9917),N/A,cmsp,2019-10-17T15:09:47,2020-03-06T14:56:35,"cpu=40,mem=192960M",cpu=40,n/a,156,461852,94603796,n/s,0,n/s
node173,x86_64,1,40,0,40,19.97,"omnipart,192,broadwell-ep,e5-2640v4","omnipart,192,broadwell-ep,e5-2640v4",(null),node173,node173,17.02,Linux,192960,0,177912,40,1,ALLOCATED,1,9951,1,pdelcomp(8309),N/A,cmsp,2019-10-17T14:05:29,2020-03-06T14:56:35,"cpu=40,mem=192960M",cpu=40,n/a,237,608844,110013944,n/s,0,n/s
node174,x86_64,1,40,0,40,19.94,"omnipart,192,broadwell-ep,e5-2640v4","omnipart,192,broadwell-ep,e5-2640v4",(null),node174,node174,17.02,Linux,192960,0,175234,40,1,ALLOCATED,1,9951,1,pdelcomp(8309),N/A,cmsp,2019-10-17T14:05:34,2020-03-06T14:56:35,"cpu=40,mem=192960M",cpu=40,n/a,207,355636,93390137,n/s,0,n/s
node175,x86_64,1,40,0,40,19.95,"omnipart,192,broadwell-ep,e5-2640v4","omnipart,192,broadwell-ep,e5-2640v4",(null),node175,node175,17.02,Linux,192960,0,178558,40,1,ALLOCATED,1,9951,1,pdelcomp(8309),N/A,cmsp,2019-10-17T14:05:36,2020-03-06T14:56:35,"cpu=40,mem=192960M",cpu=40,n/a,225,331906,100811268,n/s,0,n/s
node176,x86_64,1,40,0,40,17.73,"omnipart,192,broadwell-ep,e5-2640v4","omnipart,192,broadwell-ep,e5-2640v4",(null),node176,node176,17.02,Linux,192960,0,170968,40,1,ALLOCATED,1,9951,1,emoharra(8838),N/A,cmsp,2019-10-17T14:52:34,2020-03-06T14:56:35,"cpu=40,mem=192960M",cpu=40,n/a,168,644581,90388722,n/s,0,n/s
node177,x86_64,1,40,0,40,17.89,"omnipart,192,broadwell-ep,e5-2640v4","omnipart,192,broadwell-ep,e5-2640v4",(null),node177,node177,17.02,Linux,192960,0,171621,40,1,ALLOCATED,1,9951,1,emoharra(8838),N/A,cmsp,2019-10-17T14:52:02,2020-03-06T14:56:35,"cpu=40,mem=192960M",cpu=40,n/a,167,334668,82750149,n/s,0,n/s
node178,x86_64,1,40,0,40,9.93,"omnipart,192,broadwell-ep,e5-2640v4","omnipart,192,broadwell-ep,e5-2640v4",(null),node178,node178,17.02,Linux,192960,0,178249,40,1,ALLOCATED,1,9951,1,emoharra(8838),N/A,cmsp,2019-10-17T14:52:02,2020-03-06T14:56:35,"cpu=40,mem=192960M",cpu=40,n/a,146,916748,88658507,n/s,0,n/s
node179,x86_64,1,0,0,40,0.01,"omnipart,192,broadwell-ep,e5-2640v4","omnipart,192,broadwell-ep,e5-2640v4",(null),node179,node179,17.02,Linux,192960,0,186747,40,1,IDLE,1,9951,1,N/A,N/A,cmsp,2019-10-17T14:52:02,2020-03-06T14:56:35,"cpu=40,mem=192960M",,n/a,12,347885,88541424,n/s,0,n/s
node180,x86_64,1,40,0,40,18.02,"omnipart,192,broadwell-ep,e5-2640v4","omnipart,192,broadwell-ep,e5-2640v4",(null),node180,node180,17.02,Linux,192960,0,185928,40,1,ALLOCATED,1,9951,1,rkhasseh(9917),N/A,cmsp,2019-10-17T14:52:02,2020-03-06T14:56:35,"cpu=40,mem=192960M",cpu=40,n/a,157,499496,83789534,n/s,0,n/s
node181,x86_64,1,40,0,40,17.96,"omnipart,192,broadwell-ep,e5-2640v4","omnipart,192,broadwell-ep,e5-2640v4",(null),node181,node181,17.02,Linux,192960,0,185887,40,1,ALLOCATED,1,9951,1,rkhasseh(9917),N/A,cmsp,2019-10-30T15:11:31,2020-03-06T14:56:35,"cpu=40,mem=192960M",cpu=40,n/a,156,655505,83606038,n/s,0,n/s
node182,x86_64,1,40,0,40,18.02,"omnipart,192,broadwell-ep,e5-2640v4","omnipart,192,broadwell-ep,e5-2640v4",(null),node182,node182,17.02,Linux,192960,0,185908,40,1,ALLOCATED,1,9951,1,rkhasseh(9917),N/A,cmsp,2019-10-17T14:52:02,2020-03-06T14:56:35,"cpu=40,mem=192960M",cpu=40,n/a,155,545423,84363530,n/s,0,n/s
node183,x86_64,1,40,0,40,12.01,"omnipart,192,broadwell-ep,e5-2640v4","omnipart,192,broadwell-ep,e5-2640v4",(null),node183,node183,17.02,Linux,192960,0,182812,40,1,ALLOCATED,1,9951,1,nseriani(6623),N/A,cmsp,2019-10-17T14:52:02,2020-03-06T14:56:35,"cpu=40,mem=192960M",cpu=40,n/a,194,599478,91436006,n/s,0,n/s
node184,x86_64,1,0,0,40,0.01,"omnipart,192,broadwell-ep,e5-2640v4","omnipart,192,broadwell-ep,e5-2640v4",(null),node184,node184,17.02,Linux,192960,0,186766,40,1,IDLE,1,9951,1,N/A,N/A,cmsp,2019-10-17T14:52:02,2020-03-06T14:56:35,"cpu=40,mem=192960M",,n/a,16,415349,86243392,n/s,0,n/s
serial01,x86_64,8,14,0,16,14.01,"32gb,sandybridge-ep,e5-2650","32gb,sandybridge-ep,e5-2650",(null),serial01,serial01,17.02,Linux,31955,0,24026,2,1,MIXED,1,9951,1,N/A,N/A,serial,2020-03-05T12:01:52,2020-03-06T14:56:41,"cpu=16,mem=31955M",cpu=14,n/a,90,99783,42151075,n/s,0,n/s
testing01,x86_64,8,16,0,16,8.00,"32gb,sandybridge-ep,e5-2650","32gb,sandybridge-ep,e5-2650",(null),testing01,testing01,17.02,Linux,31955,0,29855,2,1,ALLOCATED,1,9951,1,ltchibot(5994),N/A,testing,2020-03-06T09:27:25,2020-03-06T14:56:40,"cpu=16,mem=31955M",cpu=16,n/a,105,113153,39330559,n/s,0,n/s
testing02,x86_64,8,16,0,16,8.04,"32gb,sandybridge-ep,e5-2650","32gb,sandybridge-ep,e5-2650",(null),testing02,testing02,17.02,Linux,31955,0,29658,2,1,ALLOCATED,1,9951,1,ltchibot(5994),N/A,testing,2020-03-06T09:27:25,2020-03-06T14:56:40,"cpu=16,mem=31955M",cpu=16,n/a,101,106178,37007307,n/s,0,n/s
